{
  "champions": [
    {
      "name": "🗡️  Explorer",
      "desc": "Aggressive, plays fast, starts many expeditions",
      "genome": {
        "earlyPlayThresh": -2.593892891536761,
        "midPlayThresh": 26.937081106977303,
        "latePlayThresh": -3.5301950124725145,
        "earlyPhaseBound": 37.14886003441099,
        "latePhaseBound": 16.302883837919374,
        "phaseBlendWidth": 6.836415372798134,
        "endgameUrgency": 1.6535784477246647,
        "maxExpeditions": 2.5708254365237844,
        "newExpMinProjected": 11.365990627033618,
        "newExpLatePenalty": 11.985356580369324,
        "eightCardWeight": 0.04531581545826224,
        "concentrationBonus": 10.523017346437664,
        "abandonThreshold": -16.82913230202704,
        "cardCountVsValue": 0.3975026915400879,
        "focusVsSpread": 0.44644135411380903,
        "colorSynergyWeight": 0.2478731508604759,
        "orphanPenalty": 5.982447775152688,
        "wagerMinProjected": 27.35519141745229,
        "wagerEarlyBonus": 11.314478007924588,
        "wagerLatePenalty": 21.412330615399824,
        "wagerStackBonus": 5.61765102979556,
        "wagerHoldValue": 2.242218032751735,
        "wagerRiskTolerance": 0.14928188945867849,
        "wagerMinHandCards": 0.8027396306862156,
        "wagerAsVariance": 0.3802459383512229,
        "oppAwareness": 0.7678824107241349,
        "oppBlockWeight": 5.172949383273515,
        "oppDiscardDanger": 1.6290286799326226,
        "oppWagerFear": 7.344483530420467,
        "oppDenyDrawWeight": 3.972281736265866,
        "oppColorTrackWeight": 0.25659510114874107,
        "oppDrawSignalWeight": 6.591425461492005,
        "counterPlayWeight": -2.9385961078110268,
        "oppMirrorPenalty": 6.601364979718429,
        "oppExpCountFear": 4.421918686399504,
        "drawDiscardThresh": 12.075809985778205,
        "drawExpBonus": 8.329943354724872,
        "drawDenyBonus": 4.539041423979868,
        "drawDenyWagerMult": 9.764708155887668,
        "drawUnknownValue": 9.649015801449801,
        "drawForNewExpThresh": 14.584823535311331,
        "drawDenyOnlyThresh": 8.870206850608403,
        "drawInfoLeakPenalty": 4.299178731603622,
        "riskSeekWhenBehind": 1.9592329064679248,
        "riskAvoidWhenAhead": 0.8120535026804849,
        "scoreDiffSensitivity": 0.11670463162916285,
        "variancePreference": -0.09739506142638321,
        "highCardBias": -0.78378134861258,
        "safeDiscardBias": 2.373330224985357,
        "rushWhenAheadBy": 57.90743637361606,
        "stallWhenBehindBy": 55.50620933324051,
        "tempoAwareness": 1.131338728215106,
        "drawSourceTempo": -0.8292867112787299,
        "holdVsPlayBias": 1.5918705062654972,
        "cardCountingWeight": 1.2709049204222402,
        "deckRichnessWeight": 4.393373316640162,
        "colorDepletionTrack": 0.7902598901532236,
        "oppHandSizeWeight": 1.6703085337187922,
        "perfectInfoEndgame": 13.260041928759316
      },
      "grandTournamentWR": 59.019999999999996
    },
    {
      "name": "🛡️  Scholar",
      "desc": "Conservative, careful wagers, values safety",
      "genome": {
        "earlyPlayThresh": 27.63914199240748,
        "midPlayThresh": -17.407374797607144,
        "latePlayThresh": -11.681931120057154,
        "earlyPhaseBound": 25.01085982104982,
        "latePhaseBound": 15.051955939493427,
        "phaseBlendWidth": 6.945404063825073,
        "endgameUrgency": 0,
        "maxExpeditions": 1.660907317348995,
        "newExpMinProjected": 10,
        "newExpLatePenalty": 17.522982226215635,
        "eightCardWeight": 8.817856956152466,
        "concentrationBonus": 4.622498187898546,
        "abandonThreshold": -36.043085666566945,
        "cardCountVsValue": 0.6137354478678669,
        "focusVsSpread": 0.06309573823296079,
        "colorSynergyWeight": 0,
        "orphanPenalty": 1.1099855720479326,
        "wagerMinProjected": 15,
        "wagerEarlyBonus": 8.646051190086046,
        "wagerLatePenalty": 1.2022555947021174,
        "wagerStackBonus": 15,
        "wagerHoldValue": 4.701366005702194,
        "wagerRiskTolerance": 0.303875968678355,
        "wagerMinHandCards": 4,
        "wagerAsVariance": -0.005657967540430686,
        "oppAwareness": 2,
        "oppBlockWeight": 0,
        "oppDiscardDanger": 8.451541449332165,
        "oppWagerFear": 2.5325113282880487,
        "oppDenyDrawWeight": 1.1685931945800263,
        "oppColorTrackWeight": 3.3585241998880577,
        "oppDrawSignalWeight": 2.1677054996728646,
        "counterPlayWeight": -1.5811494310629182,
        "oppMirrorPenalty": 3.8730447832218573,
        "oppExpCountFear": 0,
        "drawDiscardThresh": 8.473472603200438,
        "drawExpBonus": 6.2825506366932515,
        "drawDenyBonus": 4.573049578289785,
        "drawDenyWagerMult": 9.060486400037458,
        "drawUnknownValue": 8.580424911468139,
        "drawForNewExpThresh": 13.630131035783702,
        "drawDenyOnlyThresh": 11.216884522346987,
        "drawInfoLeakPenalty": 3.527561033929908,
        "riskSeekWhenBehind": 1.876378494352803,
        "riskAvoidWhenAhead": 1.5,
        "scoreDiffSensitivity": 0.18644855098312407,
        "variancePreference": -0.6993187375275154,
        "highCardBias": -0.7163315903051632,
        "safeDiscardBias": 4,
        "rushWhenAheadBy": 60,
        "stallWhenBehindBy": 14.234070003975132,
        "tempoAwareness": 2,
        "drawSourceTempo": -0.6240018910155728,
        "holdVsPlayBias": 2.9716601132844342,
        "cardCountingWeight": 1.0667010222978095,
        "deckRichnessWeight": 1.2533823528884613,
        "colorDepletionTrack": 2.18377084857347,
        "oppHandSizeWeight": 2.0197078001301767,
        "perfectInfoEndgame": 10.780069685947383
      },
      "grandTournamentWR": 63.959999999999994
    },
    {
      "name": "🏛️  Collector",
      "desc": "Focused on 2-3 colors, chases 8-card bonus",
      "genome": {
        "earlyPlayThresh": 16.357032778323926,
        "midPlayThresh": 29.260437636141205,
        "latePlayThresh": 21.95515318063768,
        "earlyPhaseBound": 27.355979583180495,
        "latePhaseBound": 23.693906621920156,
        "phaseBlendWidth": 13.903879371133863,
        "endgameUrgency": 1.9866409337519424,
        "maxExpeditions": 4.038870296177469,
        "newExpMinProjected": 22.297662002609066,
        "newExpLatePenalty": 24.46714139337489,
        "eightCardWeight": 19.96234148674145,
        "concentrationBonus": 1.5373978771428798,
        "abandonThreshold": -34.145585283419415,
        "cardCountVsValue": 0.9208550252771623,
        "focusVsSpread": 0.2731850795206183,
        "colorSynergyWeight": 0.03467164324752359,
        "orphanPenalty": 3.0901980870023382,
        "wagerMinProjected": -9.646547776944141,
        "wagerEarlyBonus": 12.383838803535003,
        "wagerLatePenalty": 0.33197460431879877,
        "wagerStackBonus": 12.886142207159525,
        "wagerHoldValue": 6.680380637948955,
        "wagerRiskTolerance": 0.5670431711503554,
        "wagerMinHandCards": 0.004025832985745659,
        "wagerAsVariance": 0.8133293325303979,
        "oppAwareness": 2.543203422567262,
        "oppBlockWeight": 5.027596585765599,
        "oppDiscardDanger": 13.729420964694008,
        "oppWagerFear": 10.44238838012436,
        "oppDenyDrawWeight": 11.346732138478181,
        "oppColorTrackWeight": 1.417876502377483,
        "oppDrawSignalWeight": 1.0248800302452494,
        "counterPlayWeight": 0.2533601885064378,
        "oppMirrorPenalty": 4.840857821307207,
        "oppExpCountFear": 2.2971615382654997,
        "drawDiscardThresh": 5.076590315827483,
        "drawExpBonus": 17.092715510818497,
        "drawDenyBonus": 14.105060952369794,
        "drawDenyWagerMult": 0.11696448519515545,
        "drawUnknownValue": 4.324689918497333,
        "drawForNewExpThresh": 14.219132034585513,
        "drawDenyOnlyThresh": 18.726994299855527,
        "drawInfoLeakPenalty": 2.0840705954751115,
        "riskSeekWhenBehind": 1.5597636916196853,