{
  "champions": [
    {
      "name": "🗡️  Explorer",
      "desc": "Aggressive, plays fast, starts many expeditions",
      "genome": {
        "earlyPlayThresh": 9.31874987331733,
        "midPlayThresh": 12.927747552815191,
        "latePlayThresh": 23.953296628822002,
        "earlyPhaseBound": 28.89448038265574,
        "latePhaseBound": 20.090963223465774,
        "phaseBlendWidth": 13.110359833540794,
        "endgameUrgency": 1.3930433092565988,
        "maxExpeditions": 2.564510721041944,
        "newExpMinProjected": 13.212085830885115,
        "newExpLatePenalty": 1.8889327514291065,
        "eightCardWeight": 15.88621712964005,
        "concentrationBonus": 5.260495859361455,
        "abandonThreshold": -2.425330226933994,
        "cardCountVsValue": 0.9949403214434336,
        "focusVsSpread": 0.6159129829070484,
        "colorSynergyWeight": 3.5135224224740336,
        "orphanPenalty": 5.953544807689881,
        "wagerMinProjected": 18.873937005442034,
        "wagerEarlyBonus": 13.720180018854538,
        "wagerLatePenalty": 13.646236004820702,
        "wagerStackBonus": 7.679413165897502,
        "wagerHoldValue": 5.000340302926176,
        "wagerRiskTolerance": 0.6663256481291748,
        "wagerMinHandCards": 1.4101030739129106,
        "wagerAsVariance": -0.01613435215426895,
        "oppAwareness": 2.837880056306286,
        "oppBlockWeight": 6.176970088345348,
        "oppDiscardDanger": 11.925211527046864,
        "oppWagerFear": 4.887215542690004,
        "oppDenyDrawWeight": 8.182970828359938,
        "oppColorTrackWeight": 4.656485960735941,
        "oppDrawSignalWeight": 6.290235078677773,
        "counterPlayWeight": 3.4128140681196903,
        "oppMirrorPenalty": 0.04260792863760354,
        "oppExpCountFear": 2.0907138224177224,
        "drawDiscardThresh": 0.16557551930880265,
        "drawExpBonus": 13.37981782961586,
        "drawDenyBonus": 7.3899336675818095,
        "drawDenyWagerMult": 5.050021269442776,
        "drawUnknownValue": 6.097414089391934,
        "drawForNewExpThresh": 7.944308675093936,
        "drawDenyOnlyThresh": 8.19976034657429,
        "drawInfoLeakPenalty": 0.13461117338374073,
        "riskSeekWhenBehind": 0.07099063224430768,
        "riskAvoidWhenAhead": 0.6792181367154906,
        "scoreDiffSensitivity": 0.12677643277004366,
        "variancePreference": -0.4768789501272819,
        "highCardBias": -0.12263821235024785,
        "safeDiscardBias": 3.9081161985955037,
        "rushWhenAheadBy": 36.65421944877993,
        "stallWhenBehindBy": 12.793085252635638,
        "tempoAwareness": 0.659305307518351,
        "drawSourceTempo": 0.055870524633331975,
        "holdVsPlayBias": -2.1106903812860374,
        "cardCountingWeight": 1.3881618370864597,
        "deckRichnessWeight": 0.016236499227603174,
        "colorDepletionTrack": 0.9452516371897146,
        "oppHandSizeWeight": 2.3695480594956266,
        "perfectInfoEndgame": 12.637109847666203
      },
      "grandTournamentWR": 44.07
    },
    {
      "name": "🛡️  Scholar",
      "desc": "Conservative, careful wagers, values safety",
      "genome": {
        "earlyPlayThresh": 27.41458273030203,
        "midPlayThresh": 24.02146808471833,
        "latePlayThresh": 27.740234570634527,
        "earlyPhaseBound": 26.24352369238649,
        "latePhaseBound": 9.830090316752639,
        "phaseBlendWidth": 11.853987617340742,
        "endgameUrgency": 0.7393050557950864,
        "maxExpeditions": 4.470923774163784,
        "newExpMinProjected": 4.027997791375466,
        "newExpLatePenalty": 16.97252066564923,
        "eightCardWeight": 18.763952034423227,
        "concentrationBonus": 13.620165348144901,
        "abandonThreshold": -12.456013409627218,
        "cardCountVsValue": 0.15071386037466916,
        "focusVsSpread": 0.8338219242435676,
        "colorSynergyWeight": 0.572947251108662,
        "orphanPenalty": 4.82508376404907,
        "wagerMinProjected": 9.713831153087575,
        "wagerEarlyBonus": 11.241909971781777,
        "wagerLatePenalty": 25.25349171648392,
        "wagerStackBonus": 6.66823464514405,
        "wagerHoldValue": 4.943973832458745,
        "wagerRiskTolerance": 0.6675591048406593,
        "wagerMinHandCards": 2.26579047848381,
        "wagerAsVariance": -0.8433285253898228,
        "oppAwareness": 1.9389498608370561,
        "oppBlockWeight": 4.882305625437415,
        "oppDiscardDanger": 0.8892960209970202,
        "oppWagerFear": 10.144764932441483,
        "oppDenyDrawWeight": 6.607768798097611,
        "oppColorTrackWeight": 4.571426389398585,
        "oppDrawSignalWeight": 3.0310497508587844,
        "counterPlayWeight": -1.928836384619399,
        "oppMirrorPenalty": 6.4076680429603305,
        "oppExpCountFear": 0.08390601460483982,
        "drawDiscardThresh": 7.776383792933275,
        "drawExpBonus": 1.969866313888824,
        "drawDenyBonus": 11.93226560113024,
        "drawDenyWagerMult": 6.960485597669393,
        "drawUnknownValue": 3.7994211051734395,
        "drawForNewExpThresh": 8.324228599822298,
        "drawDenyOnlyThresh": 15.652262412670165,
        "drawInfoLeakPenalty": 2.4766908493602893,
        "riskSeekWhenBehind": 1.7153451914592046,
        "riskAvoidWhenAhead": 0.763348524382764,
        "scoreDiffSensitivity": 0.015599481186279275,
        "variancePreference": 0.20906470017638634,
        "highCardBias": 0.6315172888560046,
        "safeDiscardBias": 1.3864530904228245,
        "rushWhenAheadBy": 30.02309202567958,
        "stallWhenBehindBy": 50.91813679710356,
        "tempoAwareness": 1.2270913690590266,
        "drawSourceTempo": 0.9540428395448917,
        "holdVsPlayBias": 2.9711048131622233,
        "cardCountingWeight": 0.3787955556068201,
        "deckRichnessWeight": 3.581636794768773,
        "colorDepletionTrack": 0.4178444285593681,
        "oppHandSizeWeight": 0.5849528235976023,
        "perfectInfoEndgame": 4.423677263365867
      },
      "grandTournamentWR": 58.285
    },
    {
      "name": "🏛️  Collector",
      "desc": "Focused on 2-3 colors, chases 8-card bonus",
      "genome": {
        "earlyPlayThresh": 16.666024576888887,
        "midPlayThresh": 7.974388469085201,
        "latePlayThresh": 13.29633260471197,
        "earlyPhaseBound": 18.82474526522712,
        "latePhaseBound": 19.17414647596463,
        "phaseBlendWidth": 3.3691653080445247,
        "endgameUrgency": 1.958603422301596,
        "maxExpeditions": 2.82820618950739,
        "newExpMinProjected": 25,
        "newExpLatePenalty": 20.504508506891984,
        "eightCardWeight": 12.984154788207633,
        "concentrationBonus": 10.663316125910002,
        "abandonThreshold": -13.000881955695016,
        "cardCountVsValue": 0.6862224025027535,
        "focusVsSpread": 0.380391192361908,
        "colorSynergyWeight": 0,
        "orphanPenalty": 3.7778633836307773,
        "wagerMinProjected": 2.3705470044466193,
        "wagerEarlyBonus": 6.21886757256967,
        "wagerLatePenalty": 13.869616151446635,
        "wagerStackBonus": 15,
        "wagerHoldValue": 5.214357796414745,
        "wagerRiskTolerance": 1,
        "wagerMinHandCards": 2.7351820371481925,
        "wagerAsVariance": 0.2507621906519585,
        "oppAwareness": 2.1032536236440165,
        "oppBlockWeight": 3.4099293390166374,
        "oppDiscardDanger": 1.8882222395506854,
        "oppWagerFear": 14.99221422982933,
        "oppDenyDrawWeight": 7.410151314893678,
        "oppColorTrackWeight": 3.8928522219746133,
        "oppDrawSignalWeight": 5.582062366769723,
        "counterPlayWeight": -1.570311284857519,
        "oppMirrorPenalty": 6.186880198677198,
        "oppExpCountFear": 0,
        "drawDiscardThresh": 7.60138691269342,
        "drawExpBonus": 1.7148879282831935,
        "drawDenyBonus": 5.488288466411535,
        "drawDenyWagerMult": 8.707442686475131,
        "drawUnknownValue": 8.976711441072341,
        "drawForNewExpThresh": 0,
        "drawDenyOnlyThresh": 11.262606108215934,